ID,campo
65610074-a70d-447d-9fdc-0f0ca2efaab8,campo-656100
656101fa-bce1-457f-86dd-69e629923c9c,campo-656101
656102cc-cf07-40b3-abe5-d3e2c1f5f075,campo-656102
65610324-e687-458e-b149-aa1bfdfc87e2,campo-656103
656104e7-bd1b-41d7-8ef3-c0a3262cf01e,campo-656104
65610556-a0db-4642-96e0-a2fc6c162d9b,campo-656105
65610600-880c-4d3f-b370-4bac7cf56fe1,campo-656106
6561079f-e4a2-4fe4-958a-22ba71487ea0,campo-656107
65610890-b794-4655-bb61-2f778524b79a,campo-656108
656109f3-0402-464b-a33c-775dce109b29,campo-656109
656110f0-f7ee-415e-9828-822741255f4c,campo-656110
656111d4-b990-478e-9ea5-238e787475c3,campo-656111
656112fe-bbbf-43fb-8ec2-0447b72777a0,campo-656112
65611390-18df-43d4-8363-f481d7f2286a,campo-656113
656114a3-c3a3-4073-8684-fb33bbdb0ebb,campo-656114
6561157a-ef93-4af1-8573-834bd440b47b,campo-656115
6561167b-5605-486d-ac1e-cf6b98972ccc,campo-656116
65611790-f0a1-4138-93e6-e19dbf290030,campo-656117
656118f0-a1f2-46e3-86b8-6f0aee850b7b,campo-656118
6561192a-6c21-4d05-95b7-1cf7ec3d3b07,campo-656119