ID,campo,campo2
40009695-e098-4dad-8b6e-0eb99d2cde93,campo-4000969,campo2-4000969
13650886-7d49-4bad-aac7-295e656a09b5,campo-13650886,campo2-13650886
14039825-39b9-462c-a19e-771aa3f59c32,campo-14039825,campo2-14039825
11557068-d62c-437d-bdc6-05209f398201,campo-1155706,campo2-1155706
28656106-c0da-49a1-b4da-f8aa0976e7d9,campo-28656106,campo2-28656106
27561850-3876-46d2-8206-4b46e3b308e6,campo-27561850,campo2-27561850
28148369-7792-4e82-8ed0-ac0df92a05c3,campo-28148369,campo2-28148369
28183685-c18d-4e4f-96bc-54b68d03db98,campo-28183685,campo2-28183685
26141289-5622-4edf-af6b-bacc90ad8752,campo-2614128,campo2-2614128
10471004-7e19-429d-ad92-ef19d40f0728,campo-10471004,campo2-10471004
26425819-c338-46a2-b4d3-9218f72d6faa,campo-26425819,campo2-26425819
22341865-c263-499f-a255-2124e59fefb8,campo-22341865,campo2-22341865
6170452d-3f33-40f1-9e8f-c74670048074,campo-6170452,campo2-6170452
12729412-6671-4de1-9089-48abd3527ffa,campo-1272941,campo2-1272941
53354622-5be4-4931-8eaf-2cc2ae154ebb,campo-5335462,campo2-5335462
22638631-7dfa-4ebf-b658-65513634ae22,campo-22638631,campo2-22638631
19576137-1338-4d66-99ef-5bc9f20cd286,campo-19576137,campo2-19576137
42763326-c9c1-4293-a5dc-fa1f20b6e78f,campo-4276332,campo2-4276332
2283104f-866d-475a-b484-7263fb68ec2d,campo-2283104,campo2-2283104
35531772-e5b8-48e7-a62e-eb2b6b36ee3c,campo-3553177,campo2-3553177
29185329-1bed-43a7-bcb3-7a0495c103a7,campo-29185329,campo2-29185329
15291732-c713-43d0-804b-00699ccab145,campo-15291732,campo2-15291732
11896829-c7c2-49ba-8bec-775310bc8bd4,campo-11896829,campo2-11896829
54276525-227a-4dcd-9a15-08469b22dceb,campo-5427652,campo2-5427652
41507877-f5aa-4ca4-b25c-8d3d5a33879c,campo-4150787,campo2-4150787
31058612-8891-4a88-8d7b-8a86246235c2,campo-31058612,campo2-31058612
24206414-aa07-4594-9428-82301d765f5f,campo-24206414,campo2-24206414
15458956-6927-48b2-85f8-e9c74f1113ca,campo-15458956,campo2-15458956
30372177-20aa-4bb7-af72-c2bdcdb004b1,campo-3037217,campo2-3037217
15834178-495a-49b7-9d3b-05fd7ab3f71b,campo-15834178,campo2-15834178
14092266-41ae-47e0-abfa-8fd27aa65ff3,campo-14092266,campo2-14092266
31612166-14d9-4731-8209-791ed100896f,campo-31612166,campo2-31612166
15201450-e1b9-46c7-8d35-33d4134ba07f,campo-15201450,campo2-15201450
8753187f-b4ae-4fee-8ef1-d968b1686f5b,campo-8753187,campo2-8753187
15621248-d0aa-4be5-99c5-59c036707e44,campo-15621248,campo2-15621248
16422434-eae4-45b5-9176-34f5e6c09f31,campo-16422434,campo2-16422434
13895306-022e-4805-847f-7783a6a64432,campo-13895306,campo2-13895306
25835086-4eb9-4d5c-9cbe-7a3dd2b873be,campo-25835086,campo2-25835086
30661314-7d80-4e8f-83bd-a0db03693151,campo-30661314,campo2-30661314
6155252e-4448-41d0-8ea1-93183ede558c,campo-6155252,campo2-6155252